country,model,mae,rmse,model_label,rmse_rank
Canada,pred_lasso,0.0019264391264749434,0.0025981404528635944,LASSO,1
Canada,pred_multivariate,0.00196339949055378,0.002641381716349195,Multivariate OLS,2
Canada,pred_benchmark,0.002024305609279604,0.0026729948557922224,Benchmark AR(1),3
Canada,pred_arima,0.0020587553260929406,0.002720515883583628,ARIMA,4
United States,pred_benchmark,0.0016741990620456353,0.0023083078073894204,Benchmark AR(1),1
United States,pred_lasso,0.0016816149177003546,0.002316834765041892,LASSO,2
United States,pred_arima,0.0017331174574762732,0.002358833911216597,ARIMA,3
United States,pred_multivariate,0.0017583390695327771,0.002536737767618473,Multivariate OLS,4
